<?xml version="1.0" encoding="UTF-8" standalone="yes"?>
<addons>
<addon id="plugin.video.LivePolishTV" name="LivePolishTV" version="2.5.8" provider-name="Podpis">
    <requires>
        <import addon="xbmc.python" version="2.1.0"/>
        <import addon="service.cronxbmc" optional="true"/>
        <import addon="script.module.ramic" version="1.2.8"/>
    </requires>
    <extension point="xbmc.python.pluginsource" library="main.py">
        <provides>video</provides>
    </extension>
  <extension point="xbmc.addon.metadata">
    <summary lang="en">Live Polish TV</summary>
    <description lang="en">Live Polish TV</description>
    <disclaimer lang="en">A private use only. For bugs, requests or general questions visit my repository https://github.com/podpis/kodi</disclaimer>
    <language></language>
    <platform>all</platform>
    <license>GNU GENERAL PUBLIC LICENSE. Version 2, June 1991</license>
    <forum>https://github.com/podpis/kodi/issues</forum>
    <website>https://github.com/podpis/kodi</website>
    <email>podpis@op.pl</email>
  <assets>
    <icon>icon.png</icon>
    <fanart>fanart.jpg</fanart>
  </assets>
  <news>
   Róbta co chceta! :)
  </news>
  </extension>
</addon>

<addon id="plugin.video.ekstraklasa" name="Ekstraklasa" version="2.1.2" provider-name="Podpis">
  <requires>
    <import addon="xbmc.python" version="2.1.0"/>
    <import addon="script.module.resolveurl" version="5.0.12b"/> 
  </requires>
  <extension point="xbmc.python.pluginsource" library="main.py">
    <provides>video</provides>
  </extension>
  <extension point="xbmc.addon.metadata">
    <summary lang="pl">Mecze Ekstraklasy z Dailymotion i nie tylko</summary>
    <description lang="en">Ekstraklasa</description>
    <language></language>
    <platform>all</platform>
    <license>GNU GENERAL PUBLIC LICENSE. Version 2, June 1991</license>
    <forum>https://github.com/podpis/kodi/issues</forum>
    <website>https://github.com/podpis/kodi</website>
    <email></email>
    <assets>
        <icon>icon.png</icon>
        <fanart>fanart.jpg</fanart>
    </assets>
  <news>
Ekstrakalasa.tv
Estadios.pl
LiveFootBallol
FootbalOrgin
GoalArean
Mecz replay
Polsat Sport
Łączy nas piłka
 </news>
  </extension>
</addon>
	
<addon id="plugin.video.TVP.pl" name="TVP.pl" version="2.1.7" provider-name="Podpis">
  <requires>
    <import addon="xbmc.python" version="2.1.0"/>
  </requires>
  <extension point="xbmc.python.pluginsource" library="addon.py">
    <provides>video</provides>
  </extension>
  <extension point="xbmc.addon.metadata">
	<summary lang="en">Zasoby serwisu tvp.pl oraz vod.tvp.pl</summary>
	<description lang="en">Zasoby serwisu tvp.pl oraz vod.tvp.pl</description>
	<disclaimer lang="en">A private use only. For bugs, requests or general questions visit my repository https://github.com/podpis/kodi</disclaimer>
	<language>pl</language>
	<platform>all</platform>
	<license>GNU GENERAL PUBLIC LICENSE. Version 2, June 1991</license>
	<forum>https://github.com/podpis/kodi/issues</forum>
	<website>https://github.com/podpis/kodi</website>
	<email></email>
	<assets>
		<icon>icon.png</icon>
		<fanart>fanart.jpg</fanart>
	</assets>
	<news>
   Róbta co chceta! :)
	</news>
  </extension>
</addon>

<addon id="plugin.video.cdahd" version="1.6.1" name="cda-hd" provider-name="Podpis">
<requires>
  <import addon="xbmc.python" version="2.1.0"/>
  <import addon="script.module.resolveurl" version="5.0.12a"/>
  <import addon="script.common.plugin.cache" version="2.5.5"/> 
</requires>
<extension point="xbmc.python.pluginsource" library="main.py">
  <provides>video</provides>
</extension>
<extension point="xbmc.addon.metadata">
  <summary lang="en">cda-hd.co</summary>
  <description lang="en">Zasoby cda-hd.co</description>
  <disclaimer lang="en">A private use only.</disclaimer>
  <language></language>
  <platform>all</platform>
  <license>GNU GENERAL PUBLIC LICENSE. Version 2, June 1991</license>
  <forum></forum>
  <website></website>
  <email></email>
  <source></source>
  <assets>
    <icon>icon.png</icon>
    <fanart>fanart.jpg</fanart>
    <screenshot>resources/screenshot-01.jpg</screenshot>
    <screenshot>resources/screenshot-02.jpg</screenshot>
  </assets>
  <news>
  </news>
</extension>
</addon>

<addon id="plugin.video.cdaxpl" version="1.2.1" name="cda-x" provider-name="Podpis">
<requires>
  <import addon="xbmc.python" version="2.1.0"/>
  <import addon="script.module.resolveurl" version="5.0.12b"/>
  <import addon="script.common.plugin.cache" version="2.5.5"/> 
</requires>
<extension point="xbmc.python.pluginsource" library="main.py">
  <provides>video</provides>
</extension>
<extension point="xbmc.addon.metadata">
  <summary lang="pl">Zasoby: cdax.online </summary>
  <description lang="pl">cdax.online – filmy i seriale online</description>
  <disclaimer lang="en">A private use only.</disclaimer>
  <language></language>
  <platform>all</platform>
  <license>GNU GENERAL PUBLIC LICENSE. Version 2, June 1991</license>
  <forum></forum>
  <website></website>
  <assets>
    <icon>icon.png</icon>
    <fanart>fanart.jpg</fanart>
    <screenshot>resources/screenshot-01.jpg</screenshot>
    <screenshot>resources/screenshot-02.jpg</screenshot>
  </assets>
  <news>
  </news>
</extension>
</addon>

<addon id="plugin.video.naszekinotv" version="1.6.2" name="nasze-kino.tv" provider-name="Podpis">
<requires>
  <import addon="xbmc.python" version="2.1.0"/>
  <import addon="script.module.resolveurl" version="5.0.00"/>
  <import addon="script.common.plugin.cache" version="2.5.5"/>
</requires>
<extension point="xbmc.python.pluginsource" library="main.py">
  <provides>video</provides>
</extension>
<extension point="xbmc.addon.metadata">
  <summary lang="en">nasze-kino.tv</summary>
  <description lang="en">nasze-kino.tv</description>
  <disclaimer lang="en">A private use only. For bugs, requests or general questions visit my repository https://github.com/podpis/kodi</disclaimer>
  <language></language>
  <platform>all</platform>
  <license>GNU GENERAL PUBLIC LICENSE. Version 2, June 1991</license>
  <forum>https://github.com/podpis/kodi/issues</forum>
  <website>https://github.com/podpis/kodi</website>
  <email></email>
  <source>https://github.com/podpis/kodi</source>
  <assets>
    <icon>icon.png</icon>
    <fanart>fanart.jpg</fanart>
  </assets>
  <news>
Róbta co chceta! :)
  </news>
</extension>
</addon>

<addon id="plugin.video.alltube.tv" version="2.5.5a" name="alltube.tv" provider-name="Podpis">
<requires>
  <import addon="xbmc.python" version="2.24.0"/>
  <import addon="script.module.resolveurl" version="5.0.00"/>
  <import addon="script.common.plugin.cache" version="2.5.5"/>
  <import addon="script.module.requests" version="2.18.4"/>
</requires>
<extension point="xbmc.python.pluginsource" library="main.py">
  <provides>video</provides>
</extension>
<extension point="xbmc.addon.metadata">
  <summary lang="en">alltube.tv</summary>
  <description lang="en">Zasoby serwisu alltube.tv</description>
  <disclaimer lang="en">A private use only. For bugs, requests or general questions visit my repository https://github.com/podpis/kodi</disclaimer>
  <language></language>
  <platform>all</platform>
  <license></license>
  <forum>https://github.com/podpis/kodi/issues</forum>
  <website>https://github.com/podpis/kodi</website>
  <email></email>
  <source></source>
  <assets>
    <icon>icon.png</icon>
    <fanart>fanart.jpg</fanart>
  </assets>
  <news>
Róbta co chceta! :)
  </news>
</extension>
</addon>

<addon id="plugin.video.szukajkatv" version="1.4.1" name="Szukajka.tv" provider-name="Podpis">
<requires>
    <import addon="xbmc.python" version="2.1.0"/>
    <import addon="script.common.plugin.cache" version="2.5.5"/> 
    <import addon="script.module.resolveurl" version="5.0.00"/>
</requires>

<extension point="xbmc.python.pluginsource" library="main.py">
  <provides>video</provides>
</extension>

<extension point="xbmc.addon.metadata">
  <summary lang="en">Szukajka.tv</summary>
  <description lang="en">Szukajka.tv</description>
  <disclaimer lang="en">A private use only. For bugs, requests or general questions visit my repository https://github.com/podpis/kodi</disclaimer>
  <language></language>
  <platform>all</platform>
  <license>GNU GENERAL PUBLIC LICENSE. Version 2, June 1991</license>
  <forum>https://github.com/podpis/kodi/issues</forum>
  <website>https://github.com/podpis/kodi</website>
  <email>podpis@op.pl</email>
  <assets>
    <icon>icon.png</icon>
    <fanart>fanart.jpg</fanart>
  </assets>
  <news>Róbta co chceta! :)</news>
</extension>
</addon>

<addon id="plugin.video.zalukajcom" version="1.7.2" name="Zalukaj" provider-name="Podpis">
<requires>
    <import addon="xbmc.python" version="2.25.0"/>
    <import addon="script.module.resolveurl"/>
</requires>
<extension point="xbmc.python.pluginsource" library="main.py">
  <provides>video</provides>
</extension>
<extension point="xbmc.addon.metadata">
  <summary lang="en">zalukaj.com</summary>
  <description lang="en">zalukaj.com</description>
  <disclaimer lang="en">A private use only. For bugs, requests or general questions visit my repository https://github.com/podpis/kodi</disclaimer>
  <language></language>
  <platform>all</platform>
  <license>GNU GENERAL PUBLIC LICENSE. Version 2, June 1991</license>
  <forum>https://github.com/podpis/kodi/issues</forum>
  <website>https://github.com/podpis/kodi</website>
  <email></email>
  <assets>
    <icon>icon.png</icon>
    <fanart>fanart.jpg</fanart>
  </assets>
  <news>
1.7.2
- Fixed problem with login process

1.7.1
- Thumbnail fixed
- minor fixes

1.7
- seriale fix
- premium fix
- lastes series fix

1.6
- decoding the plugin code
- reconstruction of variable names and names functions
- remove of malicious codes from the plugin
- remove of script.module.ramic from the plugin
- code fixes
- remove of unnecessary modules and functions from the plugin
- change urlresolver to resolveurl

1.4/5
- link parser fixed

1.3
- resolver, link parser fixed
- info,repo

1.2
- link parser fixed

1.1
- added: login, quota msg
- minor fixes

1.0
- initial version
  </news>
</extension>
</addon>

<addon id="plugin.video.boxfilmpl" version="1.4.1" name="boxfilm.pl" provider-name="Podpis">
<requires>
  <import addon="xbmc.python" version="2.1.0"/>
  <import addon="script.module.resolveurl" version="5.0.00"/>
  <import addon="script.common.plugin.cache" version="2.5.5"/>
  <import addon="script.module.requests" version="2.18.4"/>
</requires>
<extension point="xbmc.python.pluginsource" library="main.py">
  <provides>video</provides>
</extension>
<extension point="xbmc.addon.metadata">
  <summary lang="pl">Zasoby serwisu boxfilm.pl</summary>
  <description lang="pl">Wszystkie filmy dostępne w serwisie są dostępne zupełnie za darmo.</description>
  <disclaimer lang="en">A private use only. For bugs, requests or general questions visit my repository https://github.com/podpis/kodi</disclaimer>
  <language></language>
  <platform>all</platform>
  <license>GNU GENERAL PUBLIC LICENSE. Version 2, June 1991</license>
  <forum>https://github.com/podpis/kodi/issues</forum>
  <website>https://github.com/podpis/kodi</website>
  <assets>
    <icon>icon.png</icon>
    <fanart>fanart.jpg</fanart>
    <screenshot>resources/media/screenshot-01.jpg</screenshot>
    <screenshot>resources/media/screenshot-02.jpg</screenshot>
    <screenshot>resources/media/screenshot-03.jpg</screenshot>
  </assets>
  <news>
Version 1.4.1
- change modules urllib/urllib2/httplib2 to module requests
- add screenshots
  </news>
</extension>
</addon>
	
<addon id="plugin.video.dokumentcyfrowo" version="1.1" name="Dokument Cyfrowo" provider-name="Podpis">
<requires>
  <import addon="xbmc.python" version="2.1.0"/>
  <import addon="script.module.resolveurl" version="5.0.00"/>
</requires>
<extension point="xbmc.python.pluginsource" library="main.py">
  <provides>video</provides>
</extension>
<extension point="xbmc.addon.metadata">
  <summary lang="en">http://www.dokumentcyfrowo.pl/</summary>
  <description lang="en">http://www.dokumentcyfrowo.pl/</description>
  <disclaimer lang="en">A private use only. For bugs, requests or general questions visit my repository https://github.com/podpis/kodi</disclaimer>
  <language></language>
  <platform>all</platform>
  <license>GNU GENERAL PUBLIC LICENSE. Version 2, June 1991</license>
  <forum>https://github.com/podpis/kodi/issues</forum>
  <website>https://github.com/podpis/kodi</website>
  <email></email>
  <assets>
    <icon>icon.png</icon>
    <fanart>fanart.jpg</fanart>
  </assets>
  <news>
  </news>
</extension>
</addon>

<addon id="repository.podpis" name="Podpis Kodi Add-ons Repository" version="1.4.2" provider-name="Podpis">
    <extension point="xbmc.addon.repository" name="Podpis Kodi Add-ons Repository">
        <dir>
            <info compressed="false">https://raw.githubusercontent.com/podpis/kodi/master/addons.xml</info>
            <checksum>https://raw.githubusercontent.com/podpis/kodi/master/addons.xml.md5</checksum>
            <datadir zip="true">https://github.com/podpis/kodi/raw/master/zips</datadir>
        </dir>
    </extension>
    <extension point="xbmc.addon.metadata">
        <summary>Podpis Repository</summary>
        <summary lang="pl">Repozytorium wtyczek Podpis</summary>
        <summary lang="en">Addons repository</summary>
        <description>Unofficial, private Addons repository.</description>
        <disclaimer>Repository has non-comercial nature. Just for fun</disclaimer>
        <disclaimer lang="pl">Zawartość repozytorium ma charakter niekomercyjny. Jest tworzona dla zabawy.</disclaimer>
        <platform>all</platform>
        <website>https://github.com/podpis/kodi/</website>
        <email></email>
    </extension>
</addon>
	
<addon id="script.module.resolveurl" name="ResolveURL" version="5.0.12b" provider-name="jsergio">
	<requires>
		<import addon="xbmc.python" version="2.1.0" />
		<import addon="plugin.video.youtube" optional="true" />
		<import addon="script.module.python.twitch" optional="true" />
		<import addon="script.module.cryptopy" version="1.2.6" optional="true" />
		<import addon="plugin.video.gdrive" optional="true" />
	</requires>
	<extension point="xbmc.python.pluginsource" library="main.py">
          <provides>video</provides>
        </extension>
	<extension point="xbmc.python.module" library="lib" />
	<extension point="xbmc.python.pluginsource" library="lib/default.py" />
	<extension point="xbmc.addon.metadata">
		<platform>all</platform>
		<summary lang="en">Resolve common video host URL's to be playable in XBMC/Kodi.</summary>
		<summary lang="es">Resolver enlaces a videos de sitios populares para poder reproducirlos en XBMC/Kodi.</summary>
		<summary lang="hr">Prilagodi najčešće URL-ove video izvora kako bi radili u XBMC/Kodiju.</summary>
		<description lang="en">Resolve common video host URL's to be playable in XBMC/Kodi, simplify addon development of video plugins requiring multi video hosts.</description>
		<description lang="hr">Prilagodi najčešće URL-ove video izvora kako bi radili u XBMC/Kodiju, pojednostavnjuje razvoj priključaka za video dodatke koji zahtjevaju višestruke video izvore.</description>
	</extension>
</addon>

<addon id="service.cronxbmc"
    name="Cron" version="0.0.9" provider-name="robweber">
  <requires>
    <import addon="xbmc.python" version="2.24.0"/>
  </requires>
  <extension point="xbmc.python.pluginsource" library="gui.py"> 
     <provides>executable</provides> 
  </extension> 
  <extension point="xbmc.service" library="service.py" start="login" />
  <extension point="xbmc.python.module" library="resources/lib" />
  <extension point="xbmc.addon.metadata">
    <summary lang="en">A customizable Cron timer for Kodi. </summary>
    <description lang="en">Create cron timers for Kodi functions. This addon can schedule and run any built-in Kodi functions. No more reliance on add-on developers to allow for "timer" functionality, no more scripts running on other machines to send commands to your HTPC. All of your timers can now be handled directly within Kodi. It can also display notifications when your tasks run if configured to do so.</description>
    <platform>all</platform>
  </extension>
</addon>

</addons>
