<?xml version="1.0" encoding="UTF-8" standalone="yes"?>
<addon id="plugin.video.mrknow"
       name="Filmy Online - mrknow.pl"
       version="2015.11.29.1"
       provider-name="mrknow">
  <requires>
    <import addon="xbmc.python" version="2.1.0"/>
    <import addon="script.module.xbmcfilm" version="2015.11.28"/>
    <import addon="script.module.simplejson" version="2.0.10" />
    <import addon="script.module.requests" />

  </requires>
  <extension point="xbmc.python.pluginsource" library="default.py">
        <provides>video</provides>
  </extension>
  <extension point="xbmc.addon.metadata">
    <summary>Wtyczka MRKNOW</summary>
    <description>Plugin pozwala nam ogladac filmy, telewizje, sport z polskich stron internetowych</description>
    <platform>all</platform>
  </extension>
</addon>
