<?xml version='1.0' encoding='UTF-8' standalone='yes'?>

<addon id="plugin.video.kinex" 
	name=".[COLOR yellow]Kinex[/COLOR].[COLOR red]tv[/COLOR] - klon alltube.tv" 
provider-name="detoyy" version="1.2.27">
    
<requires>
        <import addon="xbmc.python" version="2.1.0"/>
        
<import addon="script.module.urlresolver"  version="1.0.0"/>
		
<import addon="script.module.metahandler"  version="1.0.0"/>
 
<import addon="script.module.beautifulsoup4" version="4.3.1"/>
<import addon="script.module.requests" version="1.1.0"/>   </requires>
 
 <extension library="default.py" point="xbmc.python.pluginsource">

        <provides>video</provides>
  </extension>
  <extension point="xbmc.addon.metadata">

     <platform>all</platform>
        <license>GPL 2.0</license>
	<summary lang="en">Alltube.tv video plugin</summary>
    <description lang="en">Plugin that lets you browse and play videos from kinex.tv</description>
    <disclaimer lang="en">Some parts of this addon may not be legal in your country of residence - please check with your local laws before installing.</disclaimer>
    
    <language />
  </extension>
</addon>