<?xml version="1.0" encoding="UTF-8" standalone="yes"?>
<addons>
<addon id="plugin.video.exodus" version="1.3.2" name="Exodus" provider-name="Exodus">
	<requires>
		<import addon="xbmc.python" version="2.19.0" />
		<import addon="repository.exodus" version="1.0.0" />
		<import addon="script.exodus.artwork" version="1.0.1" />
		<import addon="script.module.urlresolver" version="3.0.0"/>
		<import addon="script.module.metahandler" version="1.0.0" />
		<import addon="plugin.video.youtube" optional="true" />
	</requires>
	<extension point="xbmc.python.pluginsource" library="default.py">
		<provides>video</provides>
	</extension>
	<extension point="xbmc.addon.metadata">
		<summary lang="en">Exodus</summary>
		<description lang="en">Please visit www.tvaddons.ag for Exodus support and assistance! Kindly note that Exodus is not an official part of the media player you are running, and therefore not to be mentioned within official support channels, this addon has nothing to do with the media player itself, nor it’s intended use, it is simply a third party plugin which has been added to your system.</description>
		<disclaimer lang="en">The author does not host or distribute any of the content displayed by this addon. The author does not have any affiliation with the content provider.</disclaimer>
		<platform>all</platform>
	</extension>
</addon>

<addon id="repository.filmkodi.com" name="Filmkodi.com repository - MRKNOW" version="2.1.0" provider-name="Mrknow">
	<extension point="xbmc.addon.repository" name="Filmkodi.com Kodi Add-on Repository">
		<info compressed="false">http://kodi.filmkodi.com/addons.xml</info>
		<checksum>http://kodi.filmkodi.com/addons.xml.md5</checksum>
		<datadir zip="true">http://kodi.filmkodi.com/</datadir>
	</extension>
	<extension point="xbmc.addon.metadata">
		<summary lang="en">Install Add-ons  from filmkodi.com</summary>
		<summary lang="pl">Zainstaluj wtyczki z filmkodi.com</summary>
		<description lang="en">Add-ons from filmkodi.com (mrknow.pl) repository.</description>
		<description lang="pl">Wtyczki z nieoficjalnego, repozytorium polskiego mrknow.pl..</description>
		<disclaimer lang="en">Repository has non-comercial nature. Created by enthusiasts, acting in good faith.</disclaimer>
		<disclaimer lang="pl">Zawartość repozytorium ma charakter niekomercyjny, wtyczki tworzone przez pasjonatów, .</disclaimer>
		<platform>all</platform>
	</extension>
</addon>

<addon id="plugin.video.vivere"
       name="Vivere - Telewizja Filmkodi"
       version="2016.05.08.2"
       provider-name="mrknow">
  <requires>
    <import addon="xbmc.python" version="2.1.0"/>
    <import addon="script.module.simplejson"/>
    <import addon="script.module.requests" />
  </requires>
  <extension point="xbmc.python.pluginsource" library="default.py">
        <provides>video</provides>
  </extension>
  <extension point="xbmc.addon.metadata">
    <summary>Wtyczka MRKNOW</summary>
    <description>Plugin pozwala nam ogladac filmy, telewizje, sport z polskich stron internetowych. Ikony do wtyczki dostarczył Michał Morawski email: mickpl[malpa]wp.pl</description>
    <platform>all</platform>
    <forum>https://github.com/mrknow/filmkodi/issues</forum>
	<source>http://filmkodi.com/repository/</source>
    <website>http://filmkodi.com/pl/wtyczka-filmy-online-mrknow/</website>

  </extension>
</addon>

<addon id="plugin.video.mrknow"
       name="Filmy Online - mrknow.pl"
       version="2016.05.08.2"
       provider-name="mrknow">
  <requires>
    <import addon="xbmc.python" version="2.1.0"/>
    <import addon="script.module.simplejson"/>
    <import addon="script.module.requests" />
	<import addon="script.module.beautifulsoup" version="3.2.1"/>
  </requires>
  <extension point="xbmc.python.pluginsource" library="default.py">
        <provides>video</provides>
  </extension>
  <extension point="xbmc.addon.metadata">
    <summary>Wtyczka MRKNOW</summary>
    <description>Plugin pozwala nam ogladac filmy, telewizje, sport z polskich stron internetowych. Ikony do wtyczki dostarczył Michał Morawski email: mickpl[malpa]wp.pl</description>
    <platform>all</platform>
    <forum>https://github.com/mrknow/filmkodi/issues</forum>
	<source>http://filmkodi.com/repository/</source>
    <website>http://filmkodi.com/pl/wtyczka-filmy-online-mrknow/</website>

  </extension>
</addon>

<addon id="script.module.metahandler"
     name="metahandler"
     version="2.9.0"
     provider-name="Eldorado">
  <requires>
    <import addon="xbmc.python" version="2.1.0" />
    <import addon="script.module.simplejson" version="3.3.0"/>
    <import addon="script.module.addon.common" version="2.0.0"/>
    <import addon="script.module.myconnpy" version="1.1.6"/>
  </requires>
  <extension point="xbmc.python.module" library="lib" />
  <extension point="xbmc.addon.metadata">
    <summary lang="en">Downloads Artwork for TV shows, Movies and Music videos for addons and stores them in a local SQLITE database</summary>
    <description lang="en">Queries, stores, and returns metadata for TV shows, Movies and Musicvideos. [CR]Sources:[CR]www.thetvdb.com[CR]www.themoviedb.org[CR]www.imdb.com</description>
    <disclaimer lang="en"></disclaimer>
    <language></language>
    <platform>all</platform>
    <license>GNU GENERAL PUBLIC LICENSE. Version 2, June 1991</license>
    <forum></forum>
    <website></website>
    <email></email>
    <source></source>
  </extension>
</addon>

<!--suppress ALL -->
<addon id="plugin.video.salts" version="2.0.39" name="Stream All The Sources" provider-name="tknorris">
    <requires>
        <import addon="xbmc.python" version="2.1.0"/>
        <import addon="script.module.urlresolver" version="3.0.0"/>
        <import addon="script.module.myconnpy" version="1.1.6" />
    </requires>
    <extension point="xbmc.python.pluginsource" library="default.py">
        <provides>video</provides>
    </extension>
     <extension point="xbmc.service" library="service.py" start="startup"/>
    <extension point="xbmc.addon.metadata">
        <summary>Stream video from many difference sources</summary>
        <description>This addon uses trakt.tv for most show and movie meta data and uses a variety of websites for hoster sources</description>
        <platform>all</platform>
        <website>http://tvaddons.ag/</website>
		<forum>http://forums.tvaddons.ag/forums/180-TKNORRIS-RELEASE-REPOSITORY</forum>
	</extension>
</addon>

<addon id="plugin.video.mrknowtv" name="Telewizja polska - premium"  version="2016.06.01.1" provider-name="mrknow" >
	<requires>
		<import addon="xbmc.python" version="2.1.0" />
		<import addon="script.module.requests" version="1.0.0" />
		<import addon="script.module.metahandler" />
		<import addon="plugin.video.youtube" optional="true" />

	</requires>
	<extension point="xbmc.python.pluginsource" library="default.py">
		<provides>video</provides>
	</extension>
	<extension point="xbmc.service" library="service.py" start="startup" />
	<extension point="xbmc.addon.metadata">
		<summary lang="en">Telewizja polska - premium</summary>
		<description lang="en">Telewizja polska - premium </description>
		<disclaimer lang="en">The author does not host or distribute any of the content displayed by this addon. The author does not have any affiliation with the content provider.
		</disclaimer>
		<forum>https://github.com/mrknow/filmkodi/issues</forum>
		<source>http://filmkodi.com/repository/</source>
		<website>http://filmkodi.com/en/wtyczka-specto-fork-genesis/</website>
		<platform>all</platform>
	</extension>
</addon>

<addon id="plugin.video.xbmcfilm" name="xbmcfilm.com" version="1.1.10" provider-name="xbmcfilm.com">
  <requires>
    <import addon="xbmc.python" version="2.1.0"/>
  </requires>
  <extension point="xbmc.python.pluginsource"
            library="default.py">
        <provides>video</provides>
  </extension>
  <extension point="xbmc.addon.metadata">
    <summary>xbmcfilm.com</summary>
    <description>XbmcFilm.com is a free service that lets anyone create a custom playlist of videos from the top video sites on the web. Now start building that playlist ...
    </description>
    <platform>all</platform>
  </extension>
</addon>

<addon id="plugin.video.specto" name="Specto - ... Fork"  version="2016.05.10.5" provider-name="mrknow" >
	<requires>
		<import addon="xbmc.python" version="2.1.0" />
		<import addon="script.module.requests" version="1.0.0" />
		<import addon="script.module.metahandler" />
		<import addon="plugin.video.youtube" optional="true" />

	</requires>
	<extension point="xbmc.python.pluginsource" library="default.py">
		<provides>video</provides>
	</extension>
	<extension point="xbmc.service" library="service.py" start="startup" />
	<extension point="xbmc.addon.metadata">
		<summary lang="en">Mrknow fork of ...</summary>
		<description lang="en">Mrknow fork of ..., support https://github.com/mrknow/filmkodi/issues.</description>
		<disclaimer lang="en">The author does not host or distribute any of the content displayed by this addon. The author does not have any affiliation with the content provider.
		</disclaimer>
		<forum>https://github.com/mrknow/filmkodi/issues</forum>
		<source>http://filmkodi.com/repository/</source>
		<website>http://filmkodi.com/en/wtyczka-specto-fork-genesis/</website>
		<platform>all</platform>
	</extension>
</addon>
</addons>
