<?xml version="1.0" encoding="UTF-8" standalone="yes"?>
<addons>
<addon id="script.module.xbmcfilm"
       name="lib-xbmcfilm"
       provider-name="Mrknow" version="2015.11.29.1">
	<requires>
		<import addon="xbmc.python" version="2.1.0"/>
		<import addon="script.module.simplejson" version="2.0.10"/>
		<import addon="script.module.beautifulsoup" version="3.2.1"/>
	</requires>
	<extension library="lib" point="xbmc.python.module"/>
		<extension point="xbmc.addon.metadata">
		<language/>
		<platform>all</platform>
	</extension>
</addon>

<addon id="repository.filmkodi.com" name="Kodi filmkodi.com repository" version="1.1.0" provider-name="Mrknow">
	<extension point="xbmc.addon.repository" name="Filmkodi.com Kodi Add-on Repository">
		<info compressed="false">http://filmkodi.com/repository/addons.xml</info>
		<checksum>http://filmkodi.com/repository/addons.xml.md5</checksum>
		<datadir zip="false">http://filmkodi.com/repository/</datadir>
	</extension>
	<extension point="xbmc.addon.metadata">
		<summary lang="en">Install Add-ons  from filmkodi.com</summary>
		<summary lang="pl">Zainstaluj wtyczki z filmkodi.com</summary>
		<description lang="en">Add-ons from filmkodi.com (mrknow.pl) repository.</description>
		<description lang="pl">Wtyczki z nieoficjalnego, repozytorium polskiego mrknow.pl..</description>
		<disclaimer lang="en">Repository has non-comercial nature. Created by enthusiasts, acting in good faith.</disclaimer>
		<disclaimer lang="pl">Zawartość repozytorium ma charakter niekomercyjny, wtyczki tworzone przez pasjonatów, .</disclaimer>
		<platform>all</platform>
	</extension>
</addon>

<addon id="plugin.video.mrknow"
       name="Filmy Online - mrknow.pl"
       version="2015.11.29.1"
       provider-name="mrknow">
  <requires>
    <import addon="xbmc.python" version="2.1.0"/>
    <import addon="script.module.xbmcfilm" version="2015.11.28"/>
    <import addon="script.module.simplejson" version="2.0.10" />
    <import addon="script.module.requests" />

  </requires>
  <extension point="xbmc.python.pluginsource" library="default.py">
        <provides>video</provides>
  </extension>
  <extension point="xbmc.addon.metadata">
    <summary>Wtyczka MRKNOW</summary>
    <description>Plugin pozwala nam ogladac filmy, telewizje, sport z polskich stron internetowych</description>
    <platform>all</platform>
  </extension>
</addon>

<addon id="plugin.video.xbmcfilm"
       name="xbmcfilm.com"
       version="0.5.1"
       provider-name="xbmcfilm.com">
  <requires>
    <import addon="xbmc.python" version="2.1.0"/>
    <import addon="script.module.xbmcfilm" version="0.25.1"/>
  </requires>
  <extension point="xbmc.python.pluginsource"
            library="default.py">
        <provides>video</provides>
  </extension>
  <extension point="xbmc.addon.metadata">
    <summary>xbmcfilm.com</summary>
    <description>XbmcFilm.com is a free service that lets anyone create a custom playlist of videos from the top video sites on the web. Now start building that playlist ...
    </description>
    <platform>all</platform>
  </extension>
</addon>
</addons>
