﻿<?xml version="1.0" encoding="UTF-8" standalone="yes"?>
<addons>

<addon id="wtyczka.telewizja.polska" name="TELE-WIZJA POLSKA" version="3.1.3" provider-name="..::noVak::..">
	<requires>
		<import addon="xbmc.python" version="2.1.0"/>
		<import addon="script.module.tvnplayer" version="1.0.0"/>
	</requires>
	<extension point="xbmc.python.pluginsource" library="default.py">
		<provides>video</provides>
	</extension>
	<extension point="xbmc.addon.metadata">
		<summary>Live Streams From Poland</summary>
		<description>[COLOR yellow]MASTER MEDIA POLSKA TELEWIZJA[/COLOR][CR][CR]Wtyczka dająca dostęp do polskich kanałów telewizyjnych, radiowych oraz innych serwisów wideo.[CR][CR][COLOR darkgrey]WYKORZYSTANE MATERIAŁY: [CR]- logotypy -> mods-kodi.pl, sd-xbmc [CR]- TVN Player -> kod źródłowy od SMUTO[/COLOR][CR]Pozostałe wykonanie samodzielne dzięki pomysłom i pomocy wielu osób.[CR][CR][COLOR gold]PayPal - neopack1@gmail.com   ;)[/COLOR]</description>
		<platform>all</platform>
		<license>GNU 2.0 - GENERAL PUBLIC LICENSE. Version 2, June 1991</license>
		<email>neopack1@gmail.com</email>
	</extension>
</addon>

	<addon  id="repository.novak" name=" [B][COLOR aqua] ..::noVak::.. [/COLOR][/B]  [COLOR gold]   POLSKIE WTYCZKI[/COLOR]" version="3.0.3"  provider-name="..::noVak::..">
		<extension point="xbmc.addon.repository" name="Polskie Wtyczki - Repozytorium">
			<info compressed="true">https://raw.githubusercontent.com/neopack1/KODI_WTYCZKI/master/md5/addons.xml</info>
			<checksum>https://raw.githubusercontent.com/neopack1/KODI_WTYCZKI/master/md5/addons.xml.md5</checksum>
			<datadir zip="true">https://raw.githubusercontent.com/neopack1/KODI_WTYCZKI/master/md5</datadir>
		</extension>
		<extension point="xbmc.addon.metadata">
			<summary>Polskie wtyczki</summary>
			<description>[B][COLOR red]!!! ONLY FOR POLISH USERS !!![/COLOR][/B][CR][CR][I]Repozytorium zawiera alternatywne wersje popularnych wtyczek. Dodatkowo repozytorium zawiera wymagane przez te wtyczki biblioteki i skrypty.[/I]</description>
			<disclaimer>[COLOR lightblue]Autor nie ponosi odpowiedzialności za materiały zamieszczane przez serwisy do których dostęp zapewniają wtyczki. [CR]Wtyczki rozpowszechniane są na zasadach licencji GPL 2 [CR][I](GNU GENERAL PUBLIC LICENSE Version 2, June 1991)[/I][/COLOR]</disclaimer>
			<platform>all</platform>
			<email>neopack1@gmail.com</email>
		</extension>
	</addon>

	<addon id="script.module.tvnplayer" name="Moduł TVN Player" version="1.0.0" provider-name="..::noVak::..">
	  <requires>
		<import addon="xbmc.python" version="2.1.0"/>
		<import addon="script.module.simplejson" version="2.0.10"/>
	  </requires>
	  <extension point="xbmc.python.module"
				library="default.py">
			<provides>video</provides>
	  </extension>
	  <extension point="xbmc.addon.metadata">
		<summary>Moduł Player.pl</summary>
		<description>Moduł TVN Player[CR][CR]Orginalby kod "SMUTO"</description>
		<platform>all</platform>
	  </extension>
	</addon>


</addons>
