<window type="window" id="14000">
    <defaultcontrol>100</defaultcontrol>
    <allowoverlay>no</allowoverlay>
    <controls>
        <include>CommonPictureBackground</include>
        <control type="group">
            <control type="image">
                <posx>177</posx>
                <posy>80</posy>
                <width>66</width>
                <height>66</height>
                <texture>loader.gif</texture>
            </control>
            <control type="label" id="101">
                <posx>20</posx>
                <posy>35</posy>
                <width>1200</width>
                <height>100</height>
                <align>left</align>
                <aligny>top</aligny>
                <label></label>
                <textcolor>FFAAAAAA</textcolor>
            </control>
            <control type="label" id="102">
                <posx>0</posx>
                <posy>150</posy>
                <width>400</width>
                <height>60</height>
                <align>center</align>
                <aligny>top</aligny>
                <label>32001</label>
                <textcolor>blue</textcolor>
                <font>font13_title</font>
            </control>
            <control type="textbox" id="103">
                <posx>20</posx>
                <posy>200</posy>
                <width>1200</width>
                <height>120</height>
                <align>left</align>
                <aligny>top</aligny>
                <textcolor>FFAAAAAA</textcolor>
                <font>font12</font>
            </control>
            <control type="list" id="100">
                <posx>0</posx>
                <posy>0</posy>
                <width>1280</width>
                <height>720</height>
                <scrolltime>200</scrolltime>
                <orientation>horizontal</orientation>
                <preloaditems>5</preloaditems>
                <itemlayout width="1280" height="720">
                    <control type="image">
                        <!--The Picture-->
                        <posx>0</posx>
                        <posy>0</posy>
                        <width>1280</width>
                        <height>720</height>
                        <fadetime>200</fadetime>
                        <texture background="true">$INFO[ListItem.Icon]</texture>
                        <aspectratio>scale</aspectratio>
                    </control>
                </itemlayout>
                <focusedlayout width="1280" height="720">
                    <control type="image">
                        <!--the picture-->
                        <posx>0</posx>
                        <posy>0</posy>
                        <width>1280</width>
                        <height>720</height>
                        <fadetime>200</fadetime>
                        <texture background="true">$INFO[ListItem.Icon]</texture>
                        <aspectratio>scale</aspectratio>
                    </control>
                    <control type="group">
                        <animation effect="fade" start="0" end="100" time="300" tween="quadratic" easing="out">focus</animation>
                        <animation effect="fade" start="100" end="0" time="300" delay="150" tween="quadratic" easing="out">unfocus</animation>
                        <animation effect="fade" start="0" end="100" time="300" tween="quadratic" easing="out">visible</animation>
                        <animation effect="fade" start="100" end="0" time="300" delay="150" tween="quadratic" easing="out">hidden</animation>
                        <control type="image">
                            <description>media info background image</description>
                            <posx>0</posx>
                            <posy>200r</posy>
                            <width>1380</width>
                            <height>270</height>
                            <texture>HomeNowPlayingBack.png</texture>
                            <visible>$INFO[ListItem.Property(showInfo)]</visible>
                        </control>
                        <control type="image">
                            <description>media info background image</description>
                            <posx>0</posx>
                            <posy>200r</posy>
                            <width>1380</width>
                            <height>220</height>
                            <colordiffuse>88FFFFFF</colordiffuse>
                            <texture>HomeNowPlayingBack.png</texture>
                            <visible>$INFO[ListItem.Property(showInfo)]</visible>
                        </control>
                        <control type="label">
                            <posx>20</posx>
                            <posy>560</posy>
                            <width>1200</width>
                            <height>30</height>
                            <font>font13_title</font>
                            <textcolor>white</textcolor>
                            <shadowcolor>black</shadowcolor>
                            <scroll>true</scroll>
                            <align>left</align>
                            <aligny>center</aligny>
                            <label>$INFO[ListItem.Label]</label>
                            <visible>$INFO[ListItem.Property(showInfo)]</visible>
                        </control>
                        <control type="textbox">
                            <!--text of description-->
                            <posx>20</posx>
                            <posy>600</posy>
                            <width>1240</width>
                            <height>115</height>
                            <font>font12</font>
                            <align>left</align>
                            <aligny>top</aligny>
                            <autoscroll delay="5000" time="2500" repeat="10000">Control.HasFocus(100)</autoscroll>
                            <wrapmultiline>true</wrapmultiline>
                            <label>$INFO[ListItem.Label2]</label>
                            <textcolor>white</textcolor>
                            <visible>$INFO[ListItem.Property(showInfo)]</visible>
                        </control>
                    </control>
                </focusedlayout>
            </control>
        </control>
    </controls>
</window>
