<?xml version="1.0" encoding="UTF-8" standalone="yes"?>
<addons>
<addon id="plugin.video.pl-tv.tvnplayer.pl"
       name="TVNPlayer"
       version="1.3.6"
       provider-name="smuto, sd-xbmc, xbmc-pl-tv">
  <requires>
    <import addon="xbmc.python" version="2.14.0"/>
    <import addon="script.module.simplejson" version="2.0.10"/>
  </requires>
  <extension point="xbmc.python.pluginsource"
            library="default.py">
        <provides>video</provides>
  </extension>
  <extension point="xbmc.addon.metadata">
    <summary lang="en">http://tvnplayer.pl</summary>
    <summary></summary>
    <description lang="en">tvn player</description>
    <description lang="pl">Usługa tvn player jest dostępna na wielu platformach. Ciesz się oglądaniem ulubionych programów, filmów i seriali w każdym miejscu i o każdej porze!</description>
    <platform>all</platform>
  </extension>
</addon>

<addon id="plugin.video.pl-tv.vod.tvp.pl"
       name="Vod.tvp.pl"
       version="1.0.17"
       provider-name="xbmc-pl-tv, smuto, sd-xbmc">
  <requires>
    <import addon="xbmc.python" version="2.14.0"/>
    <import addon="script.module.simplejson" version="2.0.10"/>
  </requires>
  <extension point="xbmc.python.pluginsource"
            library="default.py">
        <provides>video</provides>
  </extension>
  <extension point="xbmc.addon.metadata">
    <summary lang="en">VOD - Telewizja Polska SA</summary>
    <description lang="en">VOD - Telewizja Polska SA</description>
    <description lang="pl">Vod.tvp.pl to największa w internecie baza filmów fabularnych, dokumentalnych, seriali i audycji Telewizji Polskiej.</description>
    <platform>all</platform>
  </extension>
</addon>

<addon id="plugin.video.ipla.pl"
       name="ipla.tv"
       version="0.3.5"
       provider-name="smuto, sd-xbmc, xbmcpl, xbmc-pl-tv">
  <requires>
    <import addon="xbmc.python" version="2.14.0"/>
    <import addon="script.module.elementtree" version="1.2.7" />
  </requires>
  <extension point="xbmc.python.pluginsource"
            library="default.py">
        <provides>video</provides>
  </extension>
  <extension point="xbmc.addon.metadata">
    <summary lang="en">Ipla - Internet TV</summary>
    <summary lang="pl">Interaktywna platforma multimedialna.</summary>
    <description lang="en">Watch videos from www.ipla.pl</description>
    <description lang="pl">Ipla to największa telewizja internetowa w Polsce. Swoim widzom oferuje transmisje w wysokiej jakości, największą w Polsce legalną bazę treści, w tym tysiące odcinków seriali, programów rozrywkowych i informacyjnych, koncerty i najważniejsze wydarzenia sportowe, a także ponad tysiąc filmów pełnometrażowych. Dostęp do zasobów telewizji ipla mają użytkownicy różnych urządzeń dzięki aplikacjom ipla specjalnie do nich przystosowanym.</description>
    <platform>all</platform>
  </extension>
</addon>

<addon id="repository.xbmc-pl-tv" name="xbmc-pl-tv Addons" version="1.0.2" provider-name="xbmc-pl-tv">
﻿  <extension point="xbmc.addon.repository" name="xbmc-pl-tv Addons">
﻿  ﻿  <info compressed="false">https://raw.githubusercontent.com/pkontek/xbmc-pl-tv/master/addons.xml</info>
﻿  ﻿  <checksum>https://raw.githubusercontent.com/pkontek/xbmc-pl-tv/master/addons.xml.md5</checksum>
    <datadir zip="true">https://github.com/pkontek/xbmc-pl-tv/raw/master/repo</datadir>
﻿  </extension>
﻿  <extension point="xbmc.addon.metadata">
    <summary>xbmc-pl-tv Addon Repo</summary>
    <description>Polish TV addons for XBMC Gotham</description>
    <disclaimer>The owners and submitters to this repository do not host or distribute any of the content displayed by these addons nor do they have any affiliation with the content providers.</disclaimer>
    <platform>all</platform>
  </extension>
</addon>

</addons>
