﻿<?xml version="1.0" encoding="UTF-8" standalone="yes"?>
<addon id="plugin.image.artistmultifanart" name="Artist Multi Fanart" version="1.0.4" provider-name="smuto">
    <requires>
	<import addon="xbmc.python" version="2.0"/>
	<import addon="script.module.simplejson" version="2.0.10"/>
    </requires>
    <extension point="xbmc.python.pluginsource" library="default.py">
	<provides>image</provides>
    </extension>
    <extension point="xbmc.addon.metadata">
	<platform>all</platform>
	<summary lang="en">Artist Multi Fanart</summary>
	<summary lang="pl">Artist Multi Fanart</summary>
	<description lang="en">smuto's Artist Multi Fanart</description>
	<description lang="pl">smuto's Artist Multi Fanart</description>
	<disclaimer lang="en"></disclaimer>
    </extension>
</addon>
